solucao;f1_distancia;f2_equipes;peso_w1;peso_w2;robustez;confiabilidade;risco_operacional;flexibilidade
4;1116,7108296899996;3;0,1428571428571428;0,8571428571428572;0,7927249982412413;0,9542798461053638;2,5399582674248444;0,6606738202112453
3;887,2331530019999;4;0,2142857142857142;0,7857142857142857;0,7564423125986506;0,9585199153692722;1,7923107149937532;0,76843426330644
4;1395,5139113920004;2;0,0714285714285714;0,9285714285714286;0,9302713236353652;0,8588958209972889;4,206232504473434;0,6534962617319657
1;707,4068790880001;7;0,9285714285714284;0,0714285714285715;0,5210039680373799;0,98;1,0;0,8869187076321394
1;708,142528754;6;0,9285714285714284;0,0714285714285715;0,5340006755989495;0,98;1,0;0,8412614643369292
1;682,4642185929997;8;1,0;0,0;0,5;0,98;1,0;0,958784747552518
2;788,9084433489995;5;0,2857142857142857;0,7142857142857143;0,5942869427080697;0,98;1,2238232312647537;0,8216073788006282
3;2555,3820274710006;1;0,0;1,0;0,8866176145776536;0,7276392434683877;7,836908827938778;0,56733340387744
